catg,subcatg,impressions,clics,priority,
Audi,Financing Options,559,3,,
Bad Credit,Accessibility of Vehicle Financing,47845,507,TRUE,
Bad Credit,Alternative Financing Solutions for Impaired Credit,28346,137,TRUE,
Bad Credit,Credit Assessment and Vehicle Acquisition,24612,38,,
Bad Credit,Credit Score Dynamics in Automotive Loans,53041,336,TRUE,
Bad Credit,Equity Management in Automotive Financing,92794,1043,TRUE,
Bad Credit,Financial Instruments for Adverse Credit,100125,740,TRUE,
Bad Credit,Joint Financing Strategies for Bad Credit,12478,101,TRUE,
Bad Credit,Regulatory Considerations in Car Financing,1435,32,,
Bad Credit,Specialized Financing for Disability Benefits,34449,462,TRUE,we have a guide on this 
Bad Credit,Support Mechanisms for Credit-Challenged Borrowers,11846,65,,
BMW,Approval Eligibility Standards,319,5,,
BMW,Financial Institution Insights,1101,7,,
BMW,Financing Application Procedures,12,4,,
Car Finance Explained,Approval and Application Processes,170930,1502,TRUE,
Car Finance Explained,Cooling-Off Period Regulations,30006,454,TRUE,
Car Finance Explained,Credit Score Considerations,70182,708,TRUE,
Car Finance Explained,Financing for Special Circumstances,74437,792,TRUE,
Car Finance Explained,Guarantor Financing Options,30413,290,TRUE,
Car Finance Explained,Insurance and Warranty Integration,15788,467,,
Car Finance Explained,Joint Financing Structures,85073,817,TRUE,
Car Finance Explained,Settlement Calculations and Procedures,61880,344,TRUE,
Car Finance Explained,Vehicle Exchange Protocols,219761,1627,TRUE,
Car Finance Explained,Voluntary Termination Mechanisms,83382,1172,TRUE,we have a guide on this 
Car Finance Locations,Car Finance Accessibility,13622,100,TRUE,
Car Finance Locations,Drive-Through Experience Venues,18598,150,,
Car Finance Locations,Regional Finance Solutions,166,3,,
Car Finance Locations,Traffic Sign Interpretation,46678,1876,,
Car Finance Locations,Vehicle Accessibility Options,3054,102,,
Car Finance Locations,Vision Assessment Protocols,5144,164,,
Caravan Finance,Long-Term Caravan Financing,754,3,,
Ford,Approval Probability Metrics,131,3,,
Ford,Financial Settlement Processes,88,6,,
HP,Car Finance Adjustments,3927,28,,
HP,Financial Obligations Management,1794,32,,
HP,Hire Purchase Dynamics,567,3,,
HP,Private Seller Financing,1237,20,TRUE,pros and cons
HP,Vehicle Ownership Transitions,3892,24,,
Mercedes,Strat√©gies de Financement Mercedes,35,3,,
Motorbike Finance,Comprehensive Motorbike Financing,1090,9,,
Motorbike Finance,Specialized Vehicle Financing,242,6,,
Nissan,Financial Services Overview,12721,8,,
Nissan,Regional Financing Solutions,3594,6,,
No Deposit,Automotive Financing Strategies,1508,5,,
PCP,Consumer Rights and Protections,3632,69,TRUE,
PCP,Contractual Obligations and Termination,3797,75,TRUE,
PCP,Eligibility and Credit Assessment,9718,60,TRUE,
PCP,Financial Mechanisms and Structures,3508,7,,
PCP,Payment Options and Negotiations,13742,104,TRUE,
PCP,PCP Agreement Modifications,2295,16,,
PCP,Vehicle Return and Exchange Policies,19475,85,TRUE,
Refinance My Car,Balloon Payment Management,19402,273,TRUE,
Refinance My Car,Dual Vehicle Financing,2884,40,,
Refinance My Car,Negative Equity Solutions,2807,21,,
Refinance My Car,Refinancing Options and Strategies,17576,315,TRUE,
Refinance My Car,Settlement and Termination Processes,7040,48,,
Refinance My Car,Upgrading and Swapping Vehicles,10222,94,TRUE,
Refinance My Car,Vehicle Finance Transfers,10219,60,,
Used,Comparative Analysis of Vehicle Types,3906,26,,
Used,Descriptive Standards for Car Listings,670,30,,
Used,Economical Choices in Used Automobiles,1176,92,TRUE,
Used,Family-Oriented Vehicle Options,2093,121,TRUE,
Used,Financial Solutions for Pre-Owned Vehicles,11479,204,TRUE,
Used,Financing Mechanisms for Older Models,19113,135,,
Value My Car,Descriptive Selling Techniques,299,8,,
Value My Car,Financial Implications of Equity,3007,13,,
Value My Car,Negative Equity Solutions,2329,34,,
Value My Car,Trade-In Considerations,3879,16,,
Value My Car,Vehicle Valuation Insights,570,3,,
Van Finance,Financing Options for Vans,3943,44,TRUE,
Van Finance,Van Aesthetic Classification,10097,276,TRUE,
Vauxhall,Corsa Interior Features,517,6,,
Vauxhall,Insignia Model Overview,30771,16,,